arr_port,pax
LHR,88809.0
MCO,70930.0
LAX,70530.0
LAS,69630.0
JFK,66270.0
CDG,64490.0
BKK,59460.0
MIA,58150.0
SFO,58000.0
DXB,55590.0
ORD,53200.0
FCO,45120.0
IST,43850.0
DFW,42420.0
CUN,42000.0
MAD,41410.0
BCN,41200.0
LGA,40712.0
ATL,39780.0
EWR,36890.0
BOS,35840.0
DEL,35680.0
SYD,33690.0
BOM,33440.0
MUC,33180.0
DEN,32630.0
MNL,32400.0
HKG,32020.0
FRA,31970.0
ORY,31800.0
SEA,31530.0
FLL,31170.0
TXL,30590.0
AMS,30580.0
PHX,29730.0
DCA,29000.0
MEX,28120.0
IAH,28090.0
JED,27090.0
PVG,26630.0
YYZ,26070.0
VIE,25750.0
LIS,25050.0
SIN,24874.0
CAI,24640.0
HNL,24140.0
ATH,24100.0
MEL,23830.0
SAN,23720.0
JNB,23710.0
PEK,23680.0
BOG,23090.0
PHL,22210.0
ARN,21800.0
TPA,21530.0
SVO,21292.0
BRU,20940.0
ZRH,20190.0
TLV,20190.0
LIM,20150.0
MSP,20030.0
CPH,19740.0
BNE,19480.0
RUH,19440.0
IAD,19170.0
ICN,18560.0
DUS,18250.0
KUL,18200.0
DTW,17800.0
OSL,17000.0
MXP,16950.0
CLT,16862.0
NRT,16570.0
LED,15960.0
YVR,15920.0
CPT,15840.0
MSY,15820.0
HAM,15640.0
PUJ,14960.0
AKL,14940.0
MAA,14940.0
NCE,14880.0
GVA,14720.0
TPE,14450.0
YUL,14040.0
HKT,14040.0
LIN,14020.0
PRG,13990.0
GRU,13850.0
PMI,13840.0
TUN,13830.0
SJU,13730.0
DME,13600.0
BWI,13590.0
SLC,13530.0
BLR,13490.0
PER,13300.0
DUB,12900.0
STL,12760.0
DPS,12740.0
SGN,12700.0
PDX,12550.0
DAC,12420.0
RSW,12310.0
AMM,12310.0
VCE,12030.0
HEL,11930.0
MRU,11820.0
DOH,11810.0
SCL,11760.0
CAN,11730.0
CMN,11720.0
RDU,11530.0
AGP,11520.0
AUS,11480.0
HYD,11410.0
EZE,11360.0
CMB,11230.0
WAW,11200.0
BEY,10950.0
SAT,10780.0
CGK,10640.0
ALG,10610.0
COK,10490.0
PIT,10430.0
BUD,10420.0
MBJ,10390.0
GIG,10380.0
SNA,10360.0
MCI,9910.0
YYC,9810.0
MRS,9650.0
MAN,9540.0
OGG,9040.0
CCU,8990.0
BNA,8980.0
PBI,8910.0
NBO,8740.0
LYS,8590.0
AUH,8560.0
UIO,8550.0
KBP,8490.0
LGW,8380.0
SJC,8280.0
IND,8240.0
ISB,8160.0
TLS,8160.0
GDL,8150.0
AEP,8010.0
PTY,7910.0
OTP,7900.0
CCS,7800.0
SDQ,7770.0
JAX,7690.0
USM,7670.0
SJO,7590.0
ADL,7570.0
CMH,7480.0
CLE,7440.0
STR,7410.0
KWI,7380.0
CTA,7300.0
LCY,7300.0
MKE,7230.0
LHE,7200.0
MLA,7120.0
DMM,7100.0
SJD,7080.0
DUR,6950.0
HAV,6910.0
GYE,6830.0
NAS,6680.0
TRV,6640.0
KOA,6620.0
MDE,6540.0
KTM,6500.0
CTG,6440.0
MCT,6420.0
CVG,6390.0
BLQ,6370.0
OPO,6350.0
PVR,6280.0
MEM,6230.0
BDL,6190.0
BGO,6140.0
CCJ,6070.0
SMF,6040.0
CLO,6010.0
AUA,5970.0
TFN,5900.0
ADD,5880.0
KEF,5810.0
LPA,5780.0
BAH,5740.0
FLR,5720.0
BEG,5560.0
CHC,5410.0
MLE,5400.0
SAL,5370.0
CGN,5260.0
EDI,5240.0
AMD,5200.0
AYT,5170.0
VLC,5110.0
SKG,5100.0
GOT,5070.0
RAK,4970.0
HAN,4970.0
SVG,4960.0
ANC,4940.0
SOF,4920.0
LIH,4900.0
KHI,4890.0
HAJ,4830.0
BUF,4820.0
YEG,4770.0
KIX,4720.0
LCA,4700.0
OKC,4700.0
LOS,4690.0
BIO,4650.0
BOD,4630.0
MTY,4610.0
ALA,4580.0
DKR,4560.0
PTP,4540.0
CBR,4520.0
CUR,4510.0
ORF,4480.0
SDF,4470.0
GUA,4460.0
NAP,4420.0
BHX,4420.0
CNX,4400.0
RIX,4400.0
VKO,4360.0
RIC,4300.0
ABQ,4290.0
CHS,4160.0
OMA,4120.0
PSP,4100.0
TUS,4090.0
SAV,4080.0
KRK,4030.0
WLG,3990.0
RGN,3940.0
CUZ,3910.0
YOW,3860.0
ACC,3810.0
PMO,3790.0
AER,3790.0
GEG,3770.0
ABZ,3710.0
GOI,3680.0
HOU,3670.0
RNO,3640.0
FDF,3630.0
NAN,3630.0
STT,3620.0
HER,3620.0
ZAG,3610.0
LAD,3610.0
LKO,3600.0
MDW,3590.0
GLA,3570.0
DAR,3520.0
PVD,3510.0
BAQ,3440.0
CNS,3420.0
ESB,3420.0
OAK,3390.0
CGH,3390.0
POS,3360.0
PLZ,3330.0
GSO,3330.0
HND,3290.0
PNS,3290.0
DAY,3280.0
IBZ,3280.0
MED,3280.0
MGA,3260.0
FNC,3210.0
BOI,3190.0
KRT,3190.0
TBS,3180.0
LUX,3160.0
RUN,3150.0
LIT,3140.0
ELP,3130.0
TSE,3130.0
GRR,3110.0
IKA,3110.0
DSM,3090.0
ADB,3060.0
ROC,3040.0
ADZ,3030.0
ONT,3020.0
MYR,3000.0
TRD,3000.0
KRR,3000.0
SYR,3000.0
CEB,2990.0
NUE,2980.0
HBE,2970.0
BGI,2960.0
ROV,2950.0
ORN,2950.0
BHM,2920.0
TIP,2860.0
KIN,2840.0
GYD,2810.0
TUL,2810.0
YHZ,2800.0
MBA,2800.0
SUF,2760.0
TRN,2760.0
ALC,2760.0
BMA,2760.0
SVQ,2750.0
SXM,2740.0
KBV,2740.0
SDU,2720.0
PPT,2720.0
FAO,2700.0
COS,2690.0
BRI,2680.0
YWG,2680.0
SEZ,2670.0
ABJ,2600.0
GSP,2600.0
EBB,2600.0
CTS,2600.0
MSQ,2600.0
NTE,2570.0
GUM,2560.0
TLL,2520.0
PAP,2520.0
TIA,2520.0
MSN,2490.0
ATQ,2480.0
MDT,2470.0
MVD,2430.0
SAW,2430.0
CAE,2430.0
PNQ,2420.0
XNA,2410.0
EVN,2410.0
GDN,2400.0
SVX,2400.0
TFS,2360.0
ALB,2350.0
USH,2350.0
OOL,2350.0
ANU,2340.0
IGR,2340.0
UVF,2340.0
CNF,2330.0
TAO,2320.0
SRQ,2320.0
SSH,2320.0
KIV,2310.0
BUR,2280.0
MFM,2280.0
HBA,2260.0
PWM,2240.0
TYS,2240.0
PMV,2220.0
SIP,2220.0
KTA,2210.0
NCL,2200.0
SXB,2200.0
CAG,2200.0
IGU,2190.0
JAI,2190.0
SMR,2180.0
PLS,2160.0
POA,2160.0
ICT,2160.0
PNH,2150.0
SJJ,2140.0
BSB,2130.0
LGB,2130.0
GCM,2110.0
BJX,2110.0
BGA,2100.0
SSA,2100.0
LIR,2070.0
GEO,2070.0
BLL,2050.0
RHO,2030.0
BSL,2030.0
VVI,2020.0
ODS,2020.0
PUS,2020.0
IXE,2010.0
NGO,2000.0
HRE,2000.0
COR,1980.0
VRN,1970.0
CCP,1950.0
BRE,1950.0
ABV,1950.0
HSV,1950.0
JTR,1880.0
XMN,1880.0
FAI,1870.0
MDZ,1870.0
EYW,1870.0
VNO,1870.0
AHB,1850.0
MHT,1840.0
PEI,1830.0
MRV,1820.0
GOA,1810.0
FUE,1810.0
PDL,1800.0
DJE,1790.0
KUF,1790.0
CZL,1790.0
DBV,1760.0
TOS,1750.0
ZQN,1720.0
PEW,1720.0
PEN,1720.0
HGH,1720.0
CTU,1710.0
AQP,1710.0
CZM,1700.0
ACE,1700.0
MPM,1690.0
OVB,1680.0
SHA,1670.0
ANF,1660.0
ASU,1650.0
AAQ,1650.0
XPG,1630.0
BRC,1620.0
GMP,1610.0
CAK,1610.0
HPN,1610.0
MMX,1610.0
LUN,1610.0
DRW,1600.0
BTR,1600.0
SPU,1600.0
TAS,1600.0
CJC,1600.0
KBL,1580.0
KHH,1580.0
YQB,1580.0
VPS,1580.0
BZN,1560.0
VVO,1550.0
TGU,1540.0
DAB,1540.0
BDA,1540.0
JAN,1530.0
BZE,1520.0
GPT,1520.0
FAT,1510.0
SZX,1510.0
AGA,1510.0
AJA,1510.0
ZNE,1510.0
PBM,1500.0
BOO,1500.0
LJU,1490.0
BTV,1490.0
TNR,1480.0
IDR,1480.0
STI,1470.0
PAT,1470.0
WDH,1470.0
IXC,1470.0
FOC,1460.0
WRO,1450.0
SAP,1450.0
PRN,1440.0
TGD,1440.0
VNS,1440.0
POM,1430.0
DRS,1430.0
FAY,1430.0
TLH,1430.0
GAU,1430.0
BHD,1420.0
BLA,1420.0
SZG,1410.0
YQR,1400.0
OUD,1400.0
SKP,1400.0
BEN,1400.0
TSV,1390.0
DAL,1390.0
TUU,1380.0
LPB,1380.0
RPR,1380.0
BDS,1380.0
SLA,1380.0
YLW,1380.0
PZO,1370.0
NOU,1370.0
ELS,1370.0
FSD,1360.0
JAC,1360.0
VGO,1360.0
IEV,1350.0
PMC,1340.0
BUQ,1340.0
REP,1330.0
JRO,1320.0
YTZ,1310.0
OLB,1310.0
VAR,1290.0
ZYL,1290.0
YYJ,1290.0
CGP,1290.0
BKI,1280.0
SNN,1280.0
TAB,1270.0
SBA,1270.0
ILM,1260.0
YYT,1260.0
DLC,1230.0
SGF,1220.0
NKG,1220.0
BES,1220.0
KHV,1220.0
VTZ,1210.0
HRG,1210.0
BGW,1210.0
SHE,1200.0
PSC,1200.0
FPO,1200.0
PIU,1190.0
MAR,1190.0
MPL,1190.0
DUD,1180.0
CKY,1180.0
LCG,1170.0
BIQ,1170.0
TRU,1160.0
FTE,1160.0
FRU,1160.0
LIL,1150.0
CUC,1150.0
BIL,1150.0
DLA,1140.0
AMA,1140.0
TIJ,1130.0
PHE,1130.0
KJA,1130.0
BKO,1120.0
UDR,1120.0
MTR,1080.0
VER,1080.0
SAH,1080.0
BJV,1080.0
CUU,1080.0
LEJ,1070.0
KGL,1070.0
CHQ,1060.0
LEX,1060.0
DOK,1060.0
IXB,1050.0
CPO,1050.0
BZV,1040.0
KMG,1040.0
GIZ,1040.0
VSA,1040.0
HMO,1040.0
CWB,1040.0
CJB,1030.0
ROA,1030.0
RAP,1020.0
KGD,1020.0
JER,1020.0
PHF,1020.0
ZYR,1020.0
IQT,1010.0
ASE,1010.0
RAJ,1010.0
MOB,1010.0
COO,1010.0
REC,1010.0
OVD,1010.0
MAH,1000.0
VTE,1000.0
FLN,1000.0
CUE,990.0
ULN,990.0
MYY,990.0
CHA,990.0
FIH,990.0
GRX,990.0
IQQ,980.0
MFE,980.0
ITO,980.0
ECP,980.0
EAM,980.0
ADA,980.0
YMM,970.0
RBA,970.0
ZNZ,970.0
GLT,960.0
PUF,960.0
EBL,960.0
LBV,960.0
MJT,950.0
TIV,950.0
LWO,950.0
BRS,950.0
POZ,950.0
MID,940.0
NAG,940.0
CEK,940.0
KRS,940.0
JMK,920.0
BIA,920.0
MIR,920.0
NAT,920.0
HLA,920.0
BJM,920.0
UFA,910.0
PSA,910.0
EUG,910.0
OUA,910.0
LLW,910.0
FSC,910.0
PUQ,900.0
NSI,900.0
TRZ,900.0
MAO,900.0
MZT,890.0
YXE,890.0
TSR,890.0
REG,890.0
FUK,890.0
CKG,890.0
AVL,890.0
LFT,890.0
ITM,880.0
SUB,880.0
CRW,880.0
CGO,880.0
ABE,880.0
MLI,880.0
SFA,870.0
IXM,870.0
FOR,870.0
MLB,870.0
ZIH,870.0
CRP,860.0
CHO,860.0
SHV,860.0
VAA,860.0
SID,850.0
DED,850.0
KRN,850.0
MMK,850.0
KKC,850.0
CID,850.0
SDK,850.0
BBI,850.0
VIX,850.0
HAU,840.0
GRB,840.0
PBO,840.0
SLL,840.0
IXU,840.0
LBB,840.0
RAI,840.0
GRK,830.0
SLP,830.0
KZN,820.0
FWA,820.0
SHJ,820.0
JUB,820.0
GPS,820.0
PSO,810.0
AAL,810.0
PHC,810.0
AAE,810.0
AGU,810.0
PNR,810.0
MSU,800.0
GRJ,800.0
BHO,800.0
VFA,790.0
GUW,790.0
MKY,790.0
TSA,790.0
DAD,790.0
APW,780.0
CLJ,780.0
TRS,780.0
MAF,780.0
BRM,770.0
AHO,770.0
XIY,770.0
EGE,770.0
ATW,770.0
FAR,770.0
BSR,770.0
BJA,770.0
SPC,760.0
LBA,760.0
TJM,760.0
AEX,750.0
OMS,750.0
AES,750.0
WNZ,750.0
HAS,740.0
UME,740.0
OAX,730.0
KCH,730.0
BIS,720.0
LGK,720.0
GRZ,720.0
XRY,720.0
GBE,710.0
AVP,710.0
NNG,710.0
TNG,710.0
ACA,700.0
VLN,700.0
CRD,700.0
MFR,700.0
CEI,700.0
TUC,690.0
GNV,690.0
BJL,690.0
BDQ,690.0
DRO,690.0
PKC,690.0
TLN,690.0
IXZ,690.0
TLM,680.0
IAS,680.0
GYN,680.0
GJT,680.0
GOJ,680.0
NKC,670.0
TRF,670.0
IPC,670.0
KGI,670.0
LAN,670.0
SMS,670.0
LLA,660.0
FNA,660.0
MRY,660.0
BMI,660.0
JDH,650.0
SXR,650.0
SXF,650.0
QRO,650.0
ASP,650.0
MHD,650.0
AGS,650.0
CIX,640.0
DLM,640.0
CFE,640.0
RMA,630.0
SKT,620.0
CFU,620.0
LPQ,620.0
BHJ,620.0
BFN,620.0
ZWS,620.0
OZZ,620.0
CGQ,610.0
RVN,610.0
ARH,610.0
OUL,610.0
VRA,610.0
SSG,610.0
RAR,610.0
TGZ,610.0
POP,610.0
PIA,610.0
SBZ,610.0
BGR,600.0
RST,600.0
ADE,600.0
BQN,600.0
EYP,600.0
TKU,600.0
PEE,600.0
TIF,600.0
MQP,600.0
LNK,600.0
SFJ,600.0
IXR,590.0
DNK,590.0
UUS,590.0
CUL,590.0
ECN,590.0
AXM,590.0
SCO,580.0
MOT,580.0
QSF,580.0
OAJ,580.0
VLI,580.0
MLH,580.0
VDE,580.0
SKB,580.0
CJS,570.0
TER,570.0
NLA,570.0
WUH,570.0
AJF,570.0
BME,570.0
HHH,570.0
RTM,570.0
YYG,570.0
SBN,570.0
EIS,560.0
MSO,560.0
IKT,560.0
ISA,560.0
YQT,550.0
EVV,550.0
RNS,550.0
ORK,550.0
HDY,550.0
DIY,540.0
ISP,540.0
MOV,540.0
QKL,540.0
VOG,540.0
BON,540.0
PMR,540.0
SOU,530.0
RTB,530.0
IMF,530.0
YQM,530.0
DZA,530.0
NTL,530.0
ROK,530.0
YNB,520.0
LXR,520.0
LGQ,520.0
LSC,510.0
KIM,510.0
NVA,510.0
MUN,510.0
CAY,510.0
NIM,510.0
FBM,500.0
PUY,500.0
AAR,500.0
ZLO,500.0
BNS,500.0
TRC,500.0
BFL,500.0
JNU,500.0
LVI,500.0
MGM,500.0
FNT,500.0
GCI,500.0
ASW,500.0
KIS,500.0
ARI,490.0
NQN,490.0
ZCO,490.0
FMO,490.0
GND,480.0
TPP,480.0
MWZ,480.0
MUB,480.0
KGS,480.0
KSU,480.0
RCH,480.0
LEI,470.0
INN,470.0
TCQ,470.0
TRI,470.0
SBW,460.0
DLH,460.0
OKA,460.0
JKH,460.0
CFS,450.0
YFC,450.0
TET,450.0
CSX,450.0
KSC,450.0
LNZ,450.0
ELQ,450.0
SBH,450.0
YXU,450.0
KTW,440.0
UKK,440.0
DVO,440.0
TAM,430.0
AZO,430.0
TLC,430.0
ELM,430.0
JUL,430.0
GTF,430.0
TVC,430.0
NJF,430.0
YNT,430.0
SLW,430.0
DYU,430.0
SDR,430.0
AXU,420.0
VXE,420.0
HRB,420.0
RDM,420.0
HTI,420.0
LDB,420.0
MEC,420.0
CPE,420.0
UBP,420.0
BHI,410.0
CME,410.0
IBE,410.0
DGO,410.0
LST,410.0
POL,410.0
MLN,410.0
YUM,410.0
EMD,410.0
BRO,410.0
TIR,410.0
ROB,400.0
MLU,400.0
NUX,400.0
GET,400.0
KBR,400.0
TMP,400.0
LYR,400.0
RZE,400.0
TBP,390.0
DHN,390.0
CPR,390.0
CPC,390.0
MRA,390.0
LTN,390.0
BWN,390.0
LBU,390.0
SDL,390.0
ADQ,390.0
BJR,390.0
ROT,390.0
IXS,390.0
ETH,390.0
ITH,380.0
OCC,380.0
YNJ,380.0
ASR,380.0
NPL,380.0
LAE,380.0
NPE,380.0
PDP,380.0
VUP,380.0
NBC,380.0
TSN,380.0
TNA,380.0
EJA,370.0
LFW,370.0
IVL,370.0
FLO,370.0
SCE,370.0
RKT,370.0
FRO,360.0
YQQ,360.0
HFT,360.0
JUJ,360.0
SCU,360.0
STN,360.0
STX,360.0
BEL,350.0
NDJ,350.0
JIB,350.0
HRL,350.0
SYX,350.0
YQU,350.0
XFW,350.0
AJL,350.0
XER,350.0
EAS,350.0
SEB,350.0
IXL,350.0
FLG,350.0
BHE,350.0
BET,340.0
GGT,340.0
GFK,340.0
SMI,340.0
PAZ,340.0
EOH,340.0
MZL,340.0
YXJ,340.0
STD,340.0
SAF,340.0
PEM,340.0
CJU,340.0
NWI,340.0
CIT,340.0
CRK,340.0
YCD,330.0
TOF,330.0
HGU,330.0
MUX,330.0
KKN,330.0
GZT,330.0
YXS,330.0
HME,330.0
UTH,330.0
CSG,330.0
SPN,330.0
EWN,330.0
ASF,330.0
NJC,320.0
PQQ,320.0
KTT,320.0
BHH,320.0
EVE,320.0
PLQ,320.0
SWF,320.0
ALH,320.0
IXJ,310.0
MLM,310.0
INV,310.0
VGA,310.0
SGC,310.0
TWU,310.0
IXA,310.0
LEA,310.0
ABS,310.0
AKX,310.0
PGF,310.0
KUO,310.0
VIL,310.0
LOP,300.0
VCP,300.0
YZF,300.0
RNB,300.0
BUS,300.0
ABX,300.0
SBP,300.0
ABT,300.0
SCN,300.0
MQX,300.0
VLD,300.0
LYH,300.0
HDN,300.0
DIB,300.0
SLZ,300.0
SFT,290.0
QQS,290.0
CWA,290.0
ILO,290.0
KTN,290.0
ERI,290.0
JHM,290.0
VBY,290.0
CJA,290.0
ISU,290.0
PIX,290.0
PPG,290.0
CLY,290.0
BPS,290.0
REX,290.0
FSM,290.0
BTU,290.0
BGM,290.0
WGA,280.0
BOB,280.0
LXS,280.0
ATZ,280.0
AXD,280.0
AGH,280.0
KZO,280.0
PSS,280.0
CGY,280.0
URT,280.0
KAO,280.0
YIW,270.0
UAQ,270.0
NDR,270.0
UDI,270.0
UTN,270.0
NOZ,270.0
PAD,270.0
YYD,270.0
TZX,270.0
WEH,270.0
TPS,270.0
LNY,270.0
TAP,270.0
MAM,270.0
LSP,270.0
ASM,270.0
BCD,270.0
CGR,270.0
FRS,270.0
ISN,270.0
PFO,260.0
LPI,260.0
YSB,260.0
RYK,260.0
MTT,260.0
KEJ,260.0
TCO,260.0
SDD,260.0
CEN,260.0
ASB,260.0
HIR,250.0
SVD,250.0
CMI,250.0
BNN,250.0
MDQ,250.0
SYZ,250.0
HMB,250.0
NGB,250.0
HAH,250.0
KNX,250.0
PNA,250.0
VVC,250.0
JJN,250.0
RJA,250.0
IDA,250.0
MTJ,250.0
ROR,240.0
LAW,240.0
LAO,240.0
AQJ,240.0
MGQ,240.0
BOJ,240.0
DMU,240.0
SFG,240.0
MOL,240.0
MCY,240.0
NLK,240.0
CWL,240.0
LCH,240.0
JGA,240.0
GWT,240.0
RGI,230.0
NSN,230.0
CLL,230.0
WRE,230.0
XMB,230.0
RAO,230.0
GDZ,230.0
KWL,230.0
MOQ,230.0
KVA,230.0
LRM,230.0
KLU,230.0
FEZ,230.0
FDH,230.0
HLZ,230.0
SDE,230.0
MQL,230.0
LRD,230.0
MQM,230.0
HRK,230.0
COU,230.0
MQN,220.0
LDE,220.0
SUV,220.0
WVB,220.0
BHU,220.0
YSJ,220.0
BBA,220.0
FAE,220.0
BSK,220.0
SJT,220.0
UGC,220.0
APL,220.0
MES,220.0
YDF,220.0
LRT,220.0
TYR,220.0
KHG,210.0
TOL,210.0
AOI,210.0
AFA,210.0
TLE,210.0
FCA,210.0
XNB,210.0
YKA,210.0
UTT,210.0
MBS,210.0
OME,210.0
USN,210.0
LDU,210.0
BFS,210.0
BLI,210.0
LBD,210.0
RGL,210.0
VPY,210.0
GIS,210.0
RAE,210.0
AZA,210.0
PCL,210.0
RES,210.0
IVC,210.0
SCQ,200.0
HTY,200.0
PXO,200.0
KDV,200.0
SBY,200.0
ELH,200.0
REL,200.0
LAP,200.0
IMP,200.0
ACK,200.0
DGT,200.0
SCW,190.0
URC,190.0
CGB,190.0
STW,190.0
BGY,190.0
SZZ,190.0
MTS,190.0
DMS,190.0
ETZ,190.0
LSE,190.0
MXL,190.0
YXX,190.0
ACY,190.0
BDB,190.0
HUY,190.0
XYD,190.0
TRG,190.0
DPO,190.0
SIT,190.0
MHK,180.0
MME,180.0
PRI,180.0
IUE,180.0
PKZ,180.0
GIB,180.0
KUA,180.0
URY,180.0
HIJ,180.0
PPP,180.0
GZP,180.0
TMM,180.0
UUD,180.0
OSD,180.0
ACT,180.0
RCB,180.0
BVC,180.0
URA,180.0
PWQ,180.0
TOE,180.0
SGU,180.0
MGB,180.0
HOV,180.0
RKS,170.0
YAM,170.0
FKB,170.0
JHB,170.0
VOZ,170.0
PZB,170.0
ENA,170.0
EXT,170.0
YXY,170.0
YYB,170.0
DNZ,170.0
EDL,170.0
LSI,170.0
YQX,170.0
LKN,170.0
LMP,170.0
DIR,160.0
THE,160.0
SNU,160.0
PLO,160.0
DBO,160.0
VIG,160.0
EAT,160.0
RMI,160.0
HLN,160.0
CAB,160.0
HVB,160.0
FRW,160.0
SRG,160.0
BTM,160.0
TRW,160.0
KGF,160.0
SON,160.0
IOM,160.0
OGZ,160.0
ALF,160.0
KME,160.0
LET,160.0
YQG,160.0
DIK,160.0
KLO,160.0
SRE,150.0
NVT,150.0
ANR,150.0
CBQ,150.0
UEL,150.0
ARK,150.0
ZCL,150.0
ABI,150.0
OMR,150.0
VII,150.0
LMM,150.0
ESM,150.0
BLZ,150.0
LYP,150.0
XDB,150.0
EPR,150.0
TMW,150.0
SPI,150.0
SWA,150.0
PIH,150.0
ULV,150.0
MCZ,140.0
FTU,140.0
RIY,140.0
HVN,140.0
MDC,140.0
WUX,140.0
MAG,140.0
SJP,140.0
YXT,140.0
REN,140.0
ACV,140.0
SKD,140.0
ARM,140.0
WLS,140.0
LBS,140.0
MQF,140.0
TAC,140.0
GTR,140.0
STS,140.0
KOK,140.0
BKG,140.0
GOV,140.0
YGK,140.0
YTS,140.0
EMA,140.0
PLU,140.0
MKK,140.0
CNQ,140.0
PPN,140.0
PGV,140.0
DTM,140.0
MPH,140.0
CBT,140.0
HAK,140.0
DOM,140.0
SFL,140.0
HFE,130.0
DEA,130.0
AZR,130.0
OER,130.0
GEV,130.0
IPT,130.0
GES,130.0
SLY,130.0
HJR,130.0
TXK,130.0
BNK,130.0
IOA,130.0
KWE,130.0
ENU,130.0
ROS,130.0
NOS,130.0
PXM,130.0
HTA,130.0
LTO,130.0
ROW,130.0
YBL,130.0
BLJ,130.0
SPS,130.0
BEW,130.0
AHU,130.0
HTS,130.0
TTN,130.0
LZH,120.0
BDU,120.0
OSM,120.0
VQS,120.0
GKA,120.0
QOW,120.0
ZFV,120.0
UIP,120.0
HLM,120.0
BBK,120.0
PNL,120.0
SSJ,120.0
BAX,120.0
LPL,120.0
HUX,120.0
TMS,120.0
YWK,120.0
YQY,120.0
MOZ,120.0
MYW,120.0
YYF,120.0
YVO,120.0
RYG,120.0
NHA,120.0
TUO,120.0
RFP,120.0
SFN,120.0
AJU,120.0
ETR,110.0
CFR,110.0
AKN,110.0
NMA,110.0
SKN,110.0
OSS,110.0
ZBF,110.0
MJF,110.0
JKG,110.0
RMQ,110.0
BRW,110.0
BDO,110.0
FMA,110.0
IOS,110.0
ASO,110.0
TAI,110.0
LOH,110.0
MJV,110.0
TDD,110.0
OND,110.0
WYA,110.0
ANX,110.0
OLP,110.0
KHS,110.0
INH,110.0
SZF,110.0
SHW,100.0
MMO,100.0
KAJ,100.0
CRL,100.0
MAB,100.0
KSD,100.0
TAY,100.0
HOG,100.0
HAD,100.0
MQT,100.0
KAN,100.0
MHH,100.0
MLO,100.0
SVJ,100.0
GOP,100.0
AOK,100.0
PDG,100.0
LWB,100.0
VNX,100.0
WEI,100.0
MAU,100.0
TVU,100.0
SNR,100.0
GCC,100.0
BQS,100.0
DIU,100.0
SJZ,100.0
RNN,100.0
OAG,100.0
OZH,100.0
BBO,100.0
AGT,100.0
PAS,100.0
VAN,90.0
EAR,90.0
GUC,90.0
TAE,90.0
GHA,90.0
KOI,90.0
PQI,90.0
UIB,90.0
KEM,90.0
YKS,90.0
ZAL,90.0
VAI,90.0
HID,90.0
ZAD,90.0
PBC,90.0
BHV,90.0
WHK,90.0
ABA,90.0
ISG,90.0
GDQ,90.0
KWJ,90.0
FMN,90.0
DAM,90.0
BQK,90.0
UKS,90.0
FDE,90.0
CYS,90.0
ZBL,90.0
ABY,90.0
OTZ,90.0
DUT,90.0
CMX,90.0
MCP,90.0
MDG,90.0
VDS,90.0
MVY,90.0
XDS,90.0
JOE,90.0
YHM,90.0
QYG,90.0
HDS,90.0
GRI,80.0
CLD,80.0
UET,80.0
PTG,80.0
SHR,80.0
RGA,80.0
TEE,80.0
TBU,80.0
EFL,80.0
DIL,80.0
PVK,80.0
SMA,80.0
CBO,80.0
GXF,80.0
TAK,80.0
CLQ,80.0
LIG,80.0
AGX,80.0
NAL,80.0
LZC,80.0
KHN,80.0
LOK,80.0
VRK,80.0
KLR,80.0
ZAM,80.0
PHW,80.0
KVG,80.0
WAE,80.0
KOE,80.0
KOJ,80.0
LAQ,80.0
INI,80.0
JLN,80.0
JAL,80.0
LUO,80.0
LUQ,80.0
LFR,80.0
KYA,80.0
MHQ,80.0
RRS,70.0
HUH,70.0
WYS,70.0
CVM,70.0
OTH,70.0
BRD,70.0
JRH,70.0
QRW,70.0
NLD,70.0
YKF,70.0
LHW,70.0
CBB,70.0
RAB,70.0
BIM,70.0
SOG,70.0
NCU,70.0
ZOS,70.0
JPA,70.0
VXO,70.0
ART,70.0
LPT,70.0
JLR,70.0
LAI,70.0
GFF,70.0
SUJ,70.0
LWS,70.0
NBE,70.0
NAV,70.0
LDH,70.0
CBH,70.0
TEX,70.0
AJR,70.0
PNI,70.0
HGA,70.0
BHQ,70.0
PLN,70.0
GUR,70.0
PKE,70.0
BHK,70.0
LEB,70.0
CKS,70.0
BHB,70.0
NGS,70.0
SUN,70.0
GNY,70.0
SUX,70.0
HOR,70.0
DLG,60.0
APO,60.0
NAO,60.0
DBQ,60.0
JOI,60.0
AQI,60.0
AGF,60.0
AOE,60.0
KRP,60.0
KRO,60.0
SCY,60.0
CIC,60.0
ZDH,60.0
KGC,60.0
NDG,60.0
KSY,60.0
YXC,60.0
DWC,60.0
ESC,60.0
DCM,60.0
CIY,60.0
MOD,60.0
CEG,60.0
JYV,60.0
TEB,60.0
MVR,60.0
DGE,60.0
CFK,60.0
MYA,60.0
YCG,60.0
ALW,60.0
TGG,60.0
KNS,60.0
ELU,60.0
MZH,60.0
MBI,60.0
TBZ,60.0
TJU,60.0
AMH,60.0
YYR,60.0
BHY,60.0
LEH,60.0
OBO,60.0
PSE,60.0
BPN,60.0
GRW,60.0
HKK,60.0
TYN,60.0
WAG,60.0
GRO,60.0
ILG,60.0
SVB,60.0
PUU,60.0
VSG,60.0
GOH,60.0
PVH,60.0
VCS,60.0
BGF,60.0
LMT,60.0
VLL,60.0
HOD,60.0
VHC,60.0
CYB,60.0
BCM,60.0
SVP,60.0
SRP,60.0
TWF,60.0
TBN,60.0
LRS,60.0
PPS,60.0
NVK,60.0
NVI,60.0
JHG,60.0
POR,60.0
GDX,60.0
BPT,60.0
PNP,50.0
PMW,50.0
YZV,50.0
KSH,50.0
LGP,50.0
BKZ,50.0
TIN,50.0
HMA,50.0
EGO,50.0
PIB,50.0
YVP,50.0
USK,50.0
PIR,50.0
SKE,50.0
SDY,50.0
MLX,50.0
KVD,50.0
GST,50.0
CGI,50.0
MRZ,50.0
YYE,50.0
TKG,50.0
SGD,50.0
AGR,50.0
YKQ,50.0
PBD,50.0
NZH,50.0
RUT,50.0
YLL,50.0
LWY,50.0
RDZ,50.0
YCB,50.0
BYC,50.0
WSZ,50.0
MYD,50.0
BVE,50.0
RGK,50.0
CZE,50.0
RHI,50.0
RIW,50.0
LTX,50.0
ZAZ,50.0
LXA,50.0
JZH,50.0
STV,50.0
YFB,50.0
TUK,50.0
ZTH,50.0
EUN,50.0
AZS,50.0
YKM,50.0
CTM,40.0
ZFQ,40.0
MCW,40.0
LCE,40.0
LTK,40.0
LYC,40.0
LMN,40.0
MCX,40.0
LAU,40.0
TIH,40.0
ZIG,40.0
SVU,40.0
THS,40.0
ZVE,40.0
MAS,40.0
THR,40.0
ZUH,40.0
ABB,40.0
CND,40.0
CMW,40.0
LLI,40.0
LRH,40.0
DEC,40.0
KZS,40.0
ACI,40.0
MUR,40.0
XKH,40.0
JKL,40.0
RAH,40.0
IFO,40.0
AZN,40.0
IMT,40.0
GGA,40.0
RBQ,40.0
NQY,40.0
XAP,40.0
IYK,40.0
NOV,40.0
NNY,40.0
TUP,40.0
JIJ,40.0
XJN,40.0
BRN,40.0
BAY,40.0
BNI,40.0
BBB,40.0
HKN,40.0
HEA,40.0
PMY,40.0
PLM,40.0
PKU,40.0
PKB,40.0
BJZ,40.0
PIS,40.0
VPE,40.0
PHO,40.0
GMZ,40.0
GMB,40.0
VDZ,40.0
GLN,40.0
HUI,40.0
AJI,40.0
SYY,40.0
KIT,40.0
TJA,40.0
EAU,40.0
YQD,40.0
KLV,40.0
YTH,40.0
KID,40.0
YMN,40.0
TOD,40.0
YJE,40.0
CAL,40.0
JTY,40.0
TKQ,40.0
YTM,40.0
ALS,40.0
MHC,40.0
KSA,40.0
BZG,40.0
DRT,40.0
JST,40.0
FEG,40.0
FEN,40.0
RSH,40.0
DQA,40.0
CNJ,30.0
SZB,30.0
YRT,30.0
BHS,30.0
ZWE,30.0
TKS,30.0
BJI,30.0
YTY,30.0
BXU,30.0
YQZ,30.0
BBN,30.0
YBG,30.0
BVB,30.0
XMS,30.0
TBW,30.0
TCB,30.0
TPQ,30.0
YCO,30.0
TDX,30.0
XCH,30.0
AOR,30.0
TOY,30.0
WIC,30.0
BWT,30.0
UDJ,30.0
TFF,30.0
YXH,30.0
AAB,30.0
JHS,30.0
SRZ,30.0
RSD,30.0
KUK,30.0
GAY,30.0
KTE,30.0
MEH,30.0
KCM,30.0
RKD,30.0
INL,30.0
DHM,30.0
DIE,30.0
KSM,30.0
MSJ,30.0
HOM,30.0
SHC,30.0
RMF,30.0
KNU,30.0
KMQ,30.0
KMI,30.0
PAH,30.0
HIN,30.0
EBJ,30.0
RVK,30.0
NAA,30.0
CPD,30.0
LJG,30.0
PUW,30.0
IXD,30.0
LPP,30.0
ERZ,30.0
LBE,30.0
GOU,30.0
OSY,30.0
RBR,30.0
NYM,30.0
GTE,30.0
NYT,20.0
HYS,20.0
JBR,20.0
IAM,20.0
IBA,20.0
WNP,20.0
XFN,20.0
OMD,20.0
WTL,20.0
INC,20.0
WBM,20.0
WRG,20.0
NRK,20.0
OGX,20.0
AUG,20.0
NSK,20.0
VOL,20.0
COQ,20.0
HUU,20.0
PNK,20.0
UKA,20.0
PVC,20.0
UKX,20.0
BKW,20.0
PUB,20.0
UNG,20.0
GRV,20.0
PSR,20.0
PQS,20.0
PQC,20.0
HCR,20.0
PNT,20.0
HGR,20.0
PAG,20.0
PLX,20.0
HKD,20.0
PJG,20.0
HMV,20.0
HOF,20.0
VEL,20.0
BFF,20.0
XHJ,20.0
PDT,20.0
BEB,20.0
PDS,20.0
BDJ,20.0
HPH,20.0
APN,20.0
NGY,20.0
KWA,20.0
YUY,20.0
MGW,20.0
YVQ,20.0
YWH,20.0
YWL,20.0
MEI,20.0
YXL,20.0
KUT,20.0
MCN,20.0
MCK,20.0
AGB,20.0
YYQ,20.0
KVX,20.0
MAJ,20.0
KOZ,20.0
YZR,20.0
KWG,20.0
LYA,20.0
LAR,20.0
LUH,20.0
ACH,20.0
LRE,20.0
LKL,20.0
ZVJ,20.0
ZVK,20.0
LKG,20.0
AAN,20.0
ZYN,20.0
KRF,20.0
MIM,20.0
NDU,20.0
YKU,20.0
NCY,20.0
XQE,20.0
XQP,20.0
XRF,20.0
NAJ,20.0
PYH,20.0
MXZ,20.0
JSY,20.0
YGW,20.0
YHD,20.0
AOO,20.0
YIP,20.0
MSS,20.0
MSE,20.0
MKM,20.0
AOJ,20.0
KGT,20.0
YMO,20.0
KIJ,20.0
YOJ,20.0
YPR,20.0
YPX,20.0
MNG,20.0
MMU,20.0
YQK,20.0
MMH,20.0
ALO,20.0
KMS,20.0
GMR,20.0
OSW,20.0
EQS,20.0
SOM,20.0
ROO,20.0
BTS,20.0
FNJ,20.0
BTK,20.0
SKU,20.0
CIU,20.0
TSF,20.0
FSP,20.0
SKZ,20.0
SLI,20.0
SLM,20.0
DIJ,20.0
FUT,20.0
SMX,20.0
DDG,20.0
DMB,20.0
BUA,20.0
DND,20.0
EZS,20.0
TNN,20.0
SCM,20.0
SCV,20.0
EKO,20.0
ESU,20.0
TMR,20.0
EJH,20.0
TRO,20.0
BZO,20.0
EIN,20.0
RSA,20.0
ROP,20.0
CFN,20.0
SHD,20.0
DCN,20.0
CIJ,20.0
GGG,20.0
CXB,20.0
QDU,20.0
QJZ,20.0
QUB,20.0
CSY,20.0
CTC,20.0
QUO,20.0
GHB,20.0
CNM,20.0
GGW,20.0
CMF,20.0
GFN,20.0
SVA,20.0
RDD,20.0
SCC,20.0
RIB,20.0
TBG,20.0
YZZ,10.0
SLU,10.0
EGC,10.0
YHO,10.0
KAD,10.0
YGX,10.0
SDN,10.0
MXX,10.0
CEC,10.0
JQA,10.0
KVL,10.0
PZU,10.0
CDV,10.0
XZI,10.0
SMK,10.0
JOS,10.0
ZSE,10.0
KSQ,10.0
CRI,10.0
JNX,10.0
SZA,10.0
NDB,10.0
CNY,10.0
TMX,10.0
CMG,10.0
SOC,10.0
NOC,10.0
NOJ,10.0
YIH,10.0
ZSA,10.0
MKG,10.0
CHU,10.0
TGM,10.0
KWN,10.0
KZR,10.0
JAV,10.0
YZP,10.0
LUG,10.0
MLW,10.0
CUM,10.0
CXJ,10.0
SKK,10.0
DLZ,10.0
KPO,10.0
YUD,10.0
CTL,10.0
MSZ,10.0
LPK,10.0
TIM,10.0
KKE,10.0
YMT,10.0
TIU,10.0
KGP,10.0
AKF,10.0
CYZ,10.0
TIZ,10.0
DVL,10.0
DWD,10.0
MSL,10.0
DZN,10.0
KUH,10.0
PZH,10.0
IWK,10.0
TUB,10.0
VVZ,10.0
ILD,10.0
ORB,10.0
ORU,10.0
BUL,10.0
OSR,10.0
COD,10.0
HYN,10.0
OXB,10.0
ERC,10.0
PBG,10.0
HSN,10.0
PED,10.0
BFD,10.0
AWZ,10.0
HOB,10.0
BQB,10.0
GCK,10.0
HFS,10.0
HET,10.0
UUA,10.0
RGS,10.0
UTP,10.0
GDE,10.0
BJF,10.0
PSG,10.0
UAK,10.0
GJL,10.0
AXA,10.0
HUE,10.0
ISE,10.0
WWK,10.0
WUS,10.0
RSU,10.0
ERS,10.0
CWC,0.0
DIG,0.0
LYG,0.0
FUN,0.0
LXG,0.0
CJJ,0.0
JOG,0.0
XPJ,0.0
LUM,0.0
TUI,0.0
FSZ,0.0
MJN,0.0
BTH,0.0
HSL,0.0
TGR,0.0
IPN,0.0
YRL,0.0
LUD,0.0
JIK,0.0
KMJ,0.0
SAB,0.0
NTG,0.0
XOP,0.0
PGA,0.0
VLV,0.0
YYU,0.0
UYU,0.0
STM,0.0
WUA,0.0
MCE,0.0
HJJ,0.0
CXI,0.0
RIL,0.0
CZX,0.0
AGM,0.0
SPP,0.0
KUS,0.0
KUN,0.0
MDL,0.0
RJK,0.0
HLD,0.0
YXN,0.0
BRL,0.0
KTL,0.0
VCT,0.0
SNE,0.0
AKY,0.0
OZC,0.0
IRJ,0.0
ALP,0.0
MSR,0.0
DYG,0.0
ILY,0.0
BND,0.0
OIA,0.0
YHY,0.0
ULH,0.0
CBG,0.0
EGM,0.0
AXP,0.0
SDP,0.0
YGR,0.0
KAC,0.0
YGJ,0.0
MWA,0.0
JTC,0.0
YEV,0.0
GLH,0.0
OHH,0.0
UKB,0.0
CED,0.0
IGD,0.0
IPH,0.0
UAH,0.0
BAL,0.0
ATY,0.0
LSA,0.0
HVG,0.0
KLX,0.0
ZHA,0.0
SJW,0.0
LRR,0.0
ZLN,0.0
ELD,0.0
ABR,0.0
YNZ,0.0
WMN,0.0
MPN,0.0
SHP,0.0
ABK,0.0
GWL,0.0
BUN,0.0
XZZ,0.0
RHD,0.0
SUG,-10.0
XJY,-10.0
LBL,-10.0
JSI,-10.0
OSK,-10.0
DPL,-10.0
YOP,-10.0
TUG,-10.0
MGF,-10.0
JMU,-10.0
YQL,-10.0
YAY,-20.0
IFN,-20.0
LBF,-20.0
LEN,-20.0
XUZ,-20.0
FLA,-20.0
YRB,-20.0
HDG,-20.0
TAG,-20.0
HRI,-20.0
BER,-20.0
RRG,-20.0
KSN,-20.0
VDM,-20.0
CPQ,-20.0
YCU,-20.0
BAV,-20.0
RXS,-30.0
CGD,-30.0
KKJ,-40.0
XNN,-40.0
KUU,-40.0
FLW,-50.0
MUA,-60.0
CXR,-60.0
SDJ,-70.0
MYJ,-80.0
UPG,-90.0
XWG,-90.0
MZV,-350.0
AYQ,-1270.0
